Name,Sex,Decade,Count
Anna,F,1880,38
Emma,F,1880,25
Elizabeth,F,1880,25
Margaret,F,1880,21
Minnie,F,1880,21
Ida,F,1880,18
Bertha,F,1880,18
Clara,F,1880,17
Alice,F,1880,17
Annie,F,1880,17
Anna,F,1890,55
Margaret,F,1890,37
Helen,F,1890,37
Elizabeth,F,1890,33
Ruth,F,1890,32
Florence,F,1890,32
Ethel,F,1890,31
Emma,F,1890,28
Marie,F,1890,25
Clara,F,1890,25
Helen,F,1900,69
Margaret,F,1900,57
Anna,F,1900,54
Ruth,F,1900,51
Elizabeth,F,1900,41
Dorothy,F,1900,39
Marie,F,1900,37
Florence,F,1900,36
Mildred,F,1900,36
Alice,F,1900,35
Helen,F,1910,248
Dorothy,F,1910,207
Margaret,F,1910,189
Ruth,F,1910,173
Mildred,F,1910,123
Anna,F,1910,118
Elizabeth,F,1910,116
Frances,F,1910,105
Virginia,F,1910,94
Marie,F,1910,92
Dorothy,F,1920,368
Helen,F,1920,290
Betty,F,1920,283
Margaret,F,1920,245
Ruth,F,1920,218
Virginia,F,1920,169
Doris,F,1920,151
Mildred,F,1920,147
Frances,F,1920,140
Elizabeth,F,1920,139
Betty,F,1930,300
Barbara,F,1930,296
Shirley,F,1930,229
Patricia,F,1930,220
Dorothy,F,1930,210
Joan,F,1930,173
Margaret,F,1930,157
Nancy,F,1930,142
Helen,F,1930,140
Carol,F,1930,117
Barbara,F,1940,425
Patricia,F,1940,411
Carol,F,1940,292
Sandra,F,1940,265
Nancy,F,1940,252
Linda,F,1940,244
Sharon,F,1940,221
Judith,F,1940,218
Susan,F,1940,212
Mary,F,1940,207
Patricia,F,1950,459
Susan,F,1950,437
Deborah,F,1950,430
Barbara,F,1950,345
Linda,F,1950,342
Debra,F,1950,341
Karen,F,1950,332
Nancy,F,1950,286
Donna,F,1950,270
Cynthia,F,1950,263
Susan,F,1960,287
Karen,F,1960,286
Kimberly,F,1960,259
Mary,F,1960,256
Patricia,F,1960,231
Linda,F,1960,225
Donna,F,1960,213
Michelle,F,1960,208
Cynthia,F,1960,196
Sandra,F,1960,183
Amy,F,1970,268
Melissa,F,1970,253
Michelle,F,1970,249
Kimberly,F,1970,229
Lisa,F,1970,228
Angela,F,1970,225
Heather,F,1970,203
Stephanie,F,1970,160
Nicole,F,1970,144
Jessica,F,1970,143
Amanda,F,1980,369
Ashley,F,1980,352
Sarah,F,1980,272
Stephanie,F,1980,218
Melissa,F,1980,217
Jessica,F,1980,213
Nicole,F,1980,210
Elizabeth,F,1980,198
Heather,F,1980,191
Jennifer,F,1980,163
Sarah,F,1990,224
Samantha,F,1990,224
Ashley,F,1990,219
Amanda,F,1990,191
Brittany,F,1990,190
Elizabeth,F,1990,172
Taylor,F,1990,169
Jessica,F,1990,161
Megan,F,1990,160
Hannah,F,1990,158
Madison,F,2000,193
Emma,F,2000,162
Olivia,F,2000,156
Hannah,F,2000,155
Abigail,F,2000,150
Samantha,F,2000,134
Elizabeth,F,2000,133
Ashley,F,2000,133
Alexis,F,2000,130
Isabella,F,2000,127
Olivia,F,2010,165
Ava,F,2010,155
Isabella,F,2010,147
Mia,F,2010,129
Abigail,F,2010,118
Emily,F,2010,117
Sophia,F,2010,115
Charlotte,F,2010,102
Madison,F,2010,98
Emma,F,2010,95
Emma,F,2020,59
Charlotte,F,2020,51
Amelia,F,2020,50
Sophia,F,2020,49
Ava,F,2020,46
Isabella,F,2020,46
Mia,F,2020,44
Evelyn,F,2020,37
Harper,F,2020,33
Luna,F,2020,32
John,M,1880,89
William,M,1880,84
James,M,1880,54
George,M,1880,47
Charles,M,1880,46
Frank,M,1880,30
Joseph,M,1880,26
Henry,M,1880,24
Robert,M,1880,24
Thomas,M,1880,23
John,M,1890,80
William,M,1890,72
James,M,1890,50
George,M,1890,43
Charles,M,1890,36
Joseph,M,1890,29
Frank,M,1890,28
Robert,M,1890,26
Edward,M,1890,22
Henry,M,1890,21
John,M,1900,84
William,M,1900,69
James,M,1900,62
George,M,1900,43
Charles,M,1900,36
Robert,M,1900,35
Joseph,M,1900,35
Frank,M,1900,29
Edward,M,1900,24
Thomas,M,1900,21
John,M,1910,376
William,M,1910,303
James,M,1910,275
Robert,M,1910,239
Joseph,M,1910,179
George,M,1910,176
Charles,M,1910,173
Edward,M,1910,125
Frank,M,1910,116
Thomas,M,1910,91
Robert,M,1920,576
John,M,1920,564
James,M,1920,515
William,M,1920,512
Charles,M,1920,298
George,M,1920,261
Joseph,M,1920,243
Richard,M,1920,222
Edward,M,1920,197
Donald,M,1920,191
Robert,M,1930,590
James,M,1930,547
John,M,1930,487
William,M,1930,416
Richard,M,1930,330
Charles,M,1930,303
Donald,M,1930,283
George,M,1930,192
Thomas,M,1930,183
Joseph,M,1930,180
James,M,1940,795
Robert,M,1940,758
John,M,1940,711
William,M,1940,556
Richard,M,1940,477
David,M,1940,426
Charles,M,1940,361
Thomas,M,1940,350
Michael,M,1940,336
Ronald,M,1940,282
James,M,1950,843
Michael,M,1950,837
Robert,M,1950,830
John,M,1950,797
David,M,1950,769
William,M,1950,591
Richard,M,1950,535
Thomas,M,1950,454
Mark,M,1950,382
Charles,M,1950,361
Michael,M,1960,833
David,M,1960,733
John,M,1960,713
James,M,1960,684
Robert,M,1960,650
Mark,M,1960,441
William,M,1960,421
Richard,M,1960,373
Thomas,M,1960,327
Jeffrey,M,1960,302
Michael,M,1970,707
Christopher,M,1970,475
Jason,M,1970,462
David,M,1970,445
James,M,1970,444
John,M,1970,402
Robert,M,1970,397
Brian,M,1970,322
William,M,1970,283
Matthew,M,1970,277
Michael,M,1980,663
Christopher,M,1980,554
Matthew,M,1980,458
Joshua,M,1980,396
David,M,1980,383
James,M,1980,356
Daniel,M,1980,345
Robert,M,1980,321
John,M,1980,321
Joseph,M,1980,299
Michael,M,1990,462
Christopher,M,1990,360
Matthew,M,1990,351
Joshua,M,1990,329
Jacob,M,1990,298
Nicholas,M,1990,275
Andrew,M,1990,272
Daniel,M,1990,272
Tyler,M,1990,262
Joseph,M,1990,260
Jacob,M,2000,274
Michael,M,2000,250
Joshua,M,2000,232
Matthew,M,2000,221
Daniel,M,2000,203
Christopher,M,2000,203
Andrew,M,2000,202
Ethan,M,2000,201
Joseph,M,2000,194
William,M,2000,194
Noah,M,2010,183
Liam,M,2010,173
Jacob,M,2010,163
William,M,2010,159
Mason,M,2010,157
Ethan,M,2010,149
Michael,M,2010,145
Alexander,M,2010,142
James,M,2010,139
Elijah,M,2010,137
Liam,M,2020,81
Noah,M,2020,75
Oliver,M,2020,58
Elijah,M,2020,49
James,M,2020,48
William,M,2020,46
Benjamin,M,2020,45
Lucas,M,2020,44
Henry,M,2020,44
Theodore,M,2020,40
